<?xml version="1.0" encoding="utf-8"?>
<openerp>
    <data>
    	
    	<record id="invoice_form_inherit" model="ir.ui.view">
            <field name="name">account.invoice.form.inherit</field>
            <field name="model">account.invoice</field>
            <field name="inherit_id" ref="account.invoice_form"/>
            <field name="arch" type="xml">
            	<xpath expr="//button[@name='invoice_print']" position="replace">
            	</xpath>
            	<xpath expr="//field[@name='fiscal_position']" position="after">
            		<field name="terms"/>
            	</xpath>
            	<xpath expr="//field[@name='invoice_line']/tree/field[@name='name']" position="after">
            		<field name="packing"/>
            	</xpath>
            </field>
        </record>
    
    </data>
</openerp>