<openerp>
    <data>

        <record id="tgb_rat_trading_wizard_form_view2" model="ir.ui.view">
            <field name="name">Rat Trading Multiple Quotation</field>
            <field name="model">wizard.rat.trading2</field>
            <field name="arch" type="xml">
                <form string="Multiple Quotation" version="7.0" context="{'default_form_id': active_id}">
                    <header>
                    </header>
                    <sheet>
                        <group col="4">
                            <field name="name" colspan="2"/>
                            <field name="created_by" colspan="2"/>
                            <newline/>
                            <field name="date_import" colspan="2"/>
                            <newline/>
                            <button name="create_customer_lines"   string="Create Customer Lines" class="oe_highlight"
                                groups="base.group_user" type="object"/>
                            <separator string="Quick Quotation Creation Detail" colspan="8"/>
                            <field name = "trading_detail_ids" editable="1" nolabel="1" colspan="8" context="{'default_form_id': active_id}"/>
                            <newline></newline>
                            <button name="confirm_quotation"   string="Confirm Quotations" class="oe_highlight"
                                groups="base.group_user" type="object"/>
                        </group>
                    </sheet>
                </form>
            </field>
        </record>

        <record model="ir.ui.view" id="tgb_rat_trading_wizard_tree_view2">
            <field name="name">Multiple Quotation</field>
            <field name="model">wizard.rat.trading2</field>
            <field name="arch" type="xml">
                <tree string="Multiple Quotation" version="7.0">
                    <field name="name"/>
                    <field name="created_by"/>
                    <field name="date_import"/>
                </tree>
            </field>
        </record>

        <record model="ir.ui.view" id="tgb_rat_trading_wizard_detail_tree_view2">
            <field name="name">Multiple Quotation</field>
            <field name="model">wizard.rat.trading.detail2</field>
            <field name="arch" type="xml">
                <tree string="Multiple Quotation" editable="top">
                    <field name="customer_id"/>
                </tree>
            </field>
        </record>

        <record model="ir.actions.act_window" id="tgb_rat_trading_wizard_action2">
            <field name="name">Multiple Quotation</field>
            <field name="view_id" ref="tgb_rat_trading_wizard_form_view2"/>
            <field name="res_model">wizard.rat.trading2</field>
            <field name="view_type">form</field>
            <field name="view_mode">form</field>
            <field name="usage">menu</field>
            <field name="target">inline</field>
        </record>

        <menuitem id="rat_trading_multiple_quotation_menu2" action="tgb_rat_trading_wizard_action2" name="Create Multiple Quotation"
                  parent="base.menu_sales" sequence="10"/>
    </data>
</openerp>
