<openerp>
    <data>
        <record model="ir.ui.view" id="TGB_view_partner">
            <field name="name">TGB.view.partner</field>
            <field name="model">res.partner</field>
                <field name="inherit_id" ref="base.view_partner_form"></field>
            <field name="arch" type="xml">
                <field name ="title" position="after">
                    <field name ="customer_id"/>
                </field>
            </field>
        </record>

    </data>
</openerp>
