<openerp>
    <data>
        <record model="ir.ui.view" id="TGB_view_product">
            <field name="name">TGB.view.product</field>
            <field name="model">product.template</field>
                <field name="inherit_id" ref="product.product_template_only_form_view"></field>
            <field name="arch" type="xml">
                <field name ="list_price" position="after">
                    <field name ="product_multi_active"/>
                    <field name ="product_weekly_item" string ="Monday Item"/>
                    <field name ="product_weekly_item2" string ="Wednesday Item"/>
                    <field name ="product_weekly_item2" string ="Friday Item"/>
                </field>
            </field>
        </record>
    </data>
</openerp>
